{
    "train_loss": [
        1.54374714012146,
        1.0048492623329162,
        0.7785918775558471,
        0.6702829904556274,
        0.6024551407337189,
        0.5614367101669312,
        0.5241785740852356,
        0.5051483627319336,
        0.4732279022216797,
        0.45228804025650027,
        0.43660215754508974,
        0.41772225136756896,
        0.40441642017364504,
        0.4003893172740936,
        0.37875632042884827,
        0.3765365550994873,
        0.35940284967422487,
        0.35526573100090025,
        0.35173713536262513,
        0.24404507389068603,
        0.20539174432754517,
        0.18626319541931152,
        0.1732563775062561,
        0.16112379530668258,
        0.14728467795848846,
        0.1403826269030571,
        0.13256958614587783,
        0.12295405625104905,
        0.11649810050725937,
        0.10107437580823898,
        0.09700539365410804,
        0.09604296333789826,
        0.0911660241007805,
        0.09231988347768784,
        0.09013756818771362,
        0.08697942105531692,
        0.08674035587310791,
        0.08539443648457527,
        0.08505795162916184,
        0.08387239127159118,
        0.08352813108563423,
        0.08366937363743782,
        0.08301070098876953,
        0.08414863494634628,
        0.08588081748485565,
        0.08306037361621857,
        0.08371969554424286,
        0.08420679751634598,
        0.08459358887672425,
        0.08389349552989006
    ],
    "val_loss": [
        1.3847428089141847,
        0.9997500004768372,
        0.9825269581794739,
        0.8157693285942078,
        0.691642114162445,
        0.7005531898498535,
        0.6606204183578491,
        0.6328065234661102,
        0.6709218490600586,
        0.5918225545883179,
        0.5468605448246002,
        0.7818035768508911,
        0.5312455224990845,
        0.55338678855896,
        0.4597048696041107,
        0.46776794505119323,
        0.5143614566802979,
        0.5865319668293,
        0.5139790753364563,
        0.3384398873806,
        0.32530063700675965,
        0.3262336479663849,
        0.33256229934692383,
        0.33147279050350187,
        0.32479348793029783,
        0.324882834649086,
        0.3413160754323006,
        0.3440084995627403,
        0.3469614975094795,
        0.3335731634616852,
        0.3291741775393486,
        0.32175407645702364,
        0.33095297762155534,
        0.32801278758049013,
        0.33256205598115923,
        0.33243091485202314,
        0.3315154504776001,
        0.3260563938140869,
        0.3209261766910553,
        0.3244828744649887,
        0.3221884642124176,
        0.32681706433296204,
        0.3309911399245262,
        0.3276089270830154,
        0.34300688173770905,
        0.31965794994831087,
        0.3280714560031891,
        0.32931677362918854,
        0.3282453524708748,
        0.3249647918105125
    ],
    "val_acc": [
        51.06,
        65.18,
        66.52,
        72.42,
        76.75,
        76.8,
        78.1,
        78.37,
        77.27,
        80.0,
        81.25,
        76.28,
        82.02,
        81.79,
        84.31,
        84.31,
        82.97,
        81.25,
        82.89,
        88.29,
        89.22,
        89.18,
        89.02,
        89.06,
        89.16,
        89.51,
        89.09,
        89.54,
        89.39,
        89.71,
        89.64,
        89.88,
        89.56,
        89.47,
        89.96,
        89.63,
        89.78,
        89.85,
        89.79,
        90.19,
        89.99,
        89.99,
        89.58,
        89.77,
        89.48,
        90.02,
        89.83,
        89.99,
        89.77,
        89.86
    ]
}